,Unnamed: 0,external_gene_name,cluster,0,1,2,3,4,5,6,7,8,9,10,11,12,13,14,15,16,17,hierachical_cluster
15,15,ASTN2,bisque4,0.02446479727654147,-0.270498704623496,-0.10741199504143867,-1.2061067085647788,-0.9987216176768654,-0.8828455599026896,-0.9831200903050592,-0.9513154361451288,-0.8896049873112385,0.35609367716992035,0.508794695849772,0.4245575853421852,0.2179159100811865,0.08566053666586143,0.5528448571475347,1.3916300252211753,1.7595590765143376,0.9681039383021804,3
52,52,MTDH,bisque4,-0.4604431084274311,-0.3644619590721985,-0.2329972137570693,-1.6832311050224726,-0.9767001353373956,-1.040416674079962,0.05661486617764791,-0.07520528581855691,-0.4155601339213049,-0.09925597700908922,0.5594446294155896,-0.22394745828183749,0.20152737126256276,0.2333892526509,0.2901132044536784,1.7895712819471783,1.5330219494527757,0.9085364953670556,3
321,321,CACNA1E,red,-1.1274206863513458,-1.0286296588671264,-1.294605511170677,-1.219531110462449,-1.4036946265441983,-1.5516274793072335,0.016172924405131444,-0.017349397135959104,0.06136620769538902,1.0310494515588595,0.9932580388573294,0.9241943395739756,0.6678048531998497,0.5237908337656599,0.4458879942093464,1.0224139553146616,0.9484170825723538,1.0085027886864226,3
566,566,KCNB2,red,-0.5159492793185038,-0.5923078994666696,-0.4883210129824924,-2.033886319776648,-2.030652689670179,-1.4890546733430474,0.28501360373262474,0.2616017292194479,0.2808984844519164,0.8128373889667801,0.8828022710259309,0.7232680345484214,0.5372916168233065,0.32624071805141863,0.3851723363997897,1.0203947347625175,0.9485218329465231,0.6861291236288635,3
568,568,KCNJ3,red,0.21648064575638248,0.13307481591421794,0.027243389163068173,-1.1549785453735135,-1.1117037252641018,-1.3278977029858103,-1.3089753752439834,-1.384363377043626,-1.507214570894746,0.5102242097154731,0.5843286478542229,0.471143623738867,0.9367568962197136,0.7678500407748405,0.9025210564467416,1.1223828115384984,1.0354292112381522,1.0876979484456015,3
572,572,KCNK9,red,-0.6493898225677385,-0.24950256739691895,-0.2522596564377201,-1.001146496002543,-1.3763085160612851,-0.8745813732243564,-0.7104470799878101,-0.6986733866998414,-0.8440604475301775,1.6296884115083357,1.5466719399741802,1.5582958136011094,0.33933025485771445,0.06429735586584041,0.16610540101339386,0.2444903945268366,0.552583197408947,0.5549065771520351,3
656,656,MEF2D,red,-0.3645146772762267,-0.2360428811414223,-0.2886658428339852,-1.6307690595650266,-1.5411829318839643,-1.829006864910904,-0.15324137013868902,-0.7490473316806514,-0.2969829367432601,0.45147296999965997,0.5361111566888036,0.4175892599223909,0.7375320998992484,0.6583537540622814,0.5804726634190144,1.3243150752453583,1.2084110158337116,1.175195901103682,3
712,712,NF1,red,-1.1717649366946568,-1.170364516260249,-1.209942198807523,-1.4955274528645157,-0.5311768139310954,-0.3057678039441621,0.3672892381845748,-0.2501332712978153,-0.26690260773299296,0.8795224201616744,1.6675350568977236,0.624192567436715,0.21648833374755475,-0.3154695691159069,0.3149057385065297,1.0714501898482804,0.9607775981832152,0.6148880276827209,3
800,800,PRKCA,red,-0.5453152687972637,-0.5591251789480864,-0.5421045602091469,-0.3918023127304667,-0.21086823848946465,-0.4173003226586332,-1.1224106406497758,-1.5634799324376614,-1.6202817061880177,0.8259662041805855,1.3100039952335718,0.799583721147919,0.3418137310584304,0.2801810335747014,0.6314461422780732,1.0329773064153154,0.920243117916006,0.8304729093039258,3
893,893,SCN9A,red,-0.2995143194955501,-0.35548709166607617,-0.2928044167802551,-1.500480324196906,-1.522023736174675,-1.4735698976844385,-0.9296493600372264,-1.043813183600225,-0.9840871917602948,0.9328454295347464,0.959565260425574,0.8870179237840959,0.9081863814155589,0.8556030980913789,0.8600043108212457,1.0280546045503776,0.9965417748716808,0.9736107379009848,3
1009,1009,TG,red,-1.4299773074307351,-1.7686223116932898,-1.7686223116932898,-0.9595295258721735,-0.5976221706375017,-0.9689464520969556,0.007976408610660781,0.19913611246172444,0.23815781699716346,0.8221919934136436,0.8306580743356818,0.5809440843697602,0.5940910768380214,1.1224682603627187,0.9657595292074204,0.6539204697425438,0.8058443001011938,0.6721719529834126,3
1050,1050,TRPM8,red,-1.7734681674448218,-1.8421640810525883,-1.7613936408940951,0.4475941474431456,0.4074112192274526,0.3431792096741166,-0.5621929882504496,-0.8526497730712839,-0.7418280217200003,0.6032524343489801,0.6332660814811031,0.5914007904939269,0.5694833047234957,0.4963458926919559,0.4895616161480591,1.0691693658353218,0.979970708498618,0.9030619018670616,3
1110,1110,ZNF555,red,-0.7174166019755472,-0.8470467223893093,-0.8276080126219458,-0.9961025075626124,-0.5061267260341271,-0.16597922131242296,-0.7471019941511955,-1.3512371573602782,-1.4706657986451066,0.7555501498920448,0.9920997792924736,0.4101243631886611,0.8341343304997514,0.33211901421715856,0.4898608047818898,1.1990559448976728,1.6883023168714135,0.9280380384114868,3
1276,1276,ADRA2A,yellow,-0.03085923434491566,-0.0043434960331935795,0.011739112262199295,0.7971652863143995,0.7687395882113219,0.6378693717546178,-1.5888532011012353,-2.01493509756496,-1.7731070583251676,-0.6115014997438345,-0.501696836468049,-0.5117736249088023,0.4074874003456575,0.4662098445696937,0.7428869593947915,1.1052930449347882,1.1374948506116802,0.962184590091009,3
1379,1379,ASTN1,yellow,-0.8061977138452789,-0.8958834308266491,-0.9482804047721758,-0.7243051997438533,-0.5581982309342933,-0.6450202928284656,-1.1166977877216782,-1.1931498387347073,-1.2723413168723248,0.30384897731889043,0.34387456886426393,0.2504285196931399,1.0805960390923377,0.8659108246002248,0.9027916913565428,1.4979255612957978,1.485961627756365,1.4287364063018693,3
1392,1392,ATXN1,yellow,-0.5389009515296248,-0.5128841759382553,-0.5607338468841322,-1.4534265453175212,-1.3153632002860796,-1.3721099292929688,-0.8941636723892813,-1.1160537557404464,-0.70134716987865,0.646743086689271,0.692170205725278,0.5948942307055382,0.9773777860339876,0.9840557894537044,0.9850048868222526,1.1952902954431304,1.2074127043448646,1.1820342620389426,3
1434,1434,CACNA2D3,yellow,-0.4262991389119293,-0.4514795211684269,-0.5402649162005121,-0.5740958119561125,-0.6390421360794726,-0.5860117906202741,-1.3538730455920998,-1.397235802565971,-1.3699200873226334,-0.050880962011133415,-0.12177676012866424,-0.11725132076968868,1.0445145757462295,0.9695726022138088,0.9239171949195416,1.5685681471988129,1.5364546902375205,1.5851040830110097,3
1443,1443,CAT,yellow,-0.9527321296243714,-1.1996904920752989,-0.9250535454308872,-0.13791820902179586,0.01690057102010678,-0.14972490959354753,-0.5436319570970368,-0.6989961009834952,-1.0319796099284433,-0.5453188620450041,-0.5617844364117869,-0.6347934853007429,0.8734353019443927,0.9102151515075464,0.9198375568187436,1.4909735018547172,1.6535381062905792,1.51672354807634,3
1464,1464,CDH18,yellow,-1.0924646739126258,-1.4442746896522067,-1.6120203297449145,-0.46037065560022294,-0.556551495466239,-0.5863902710377537,-0.4513729340108529,-0.4569868680470458,-0.3364634141230474,0.054143303264397966,0.18970279354734415,0.017124934584151662,1.0749073541383256,0.9641373397602918,0.8239672567124904,1.3929590978488828,1.2546397566038492,1.2253134951351772,3
1549,1549,DMD,yellow,-1.7498246655302885,-1.7372475751868848,-1.8533496983735007,-0.15437461542646447,0.09960286804636144,0.09470280794933024,-0.513756177379121,-0.6088308612514716,-0.7368161437056329,0.2269925301154724,0.5888486148801452,0.3173666058502924,0.8138544058570876,0.7341953727690602,1.0142344013858764,1.1182414484088536,1.2319308531057025,1.1142298284851708,3
1571,1571,EDNRB,yellow,-0.0669303712331135,-0.0948463337227499,-0.055285999111775064,-1.8993648817365447,-1.9482173521447093,-1.9712894141370512,-0.2837193279061034,-0.2770723365205455,-0.31760015734350433,0.288906350528208,0.4165504599842958,0.3412625623642029,0.9415607539156344,0.9723796599917484,1.0708117827022283,0.9297084500910282,0.9936491264320236,0.9594970278467332,3
1591,1591,ESR1,yellow,-0.9449312601869504,-1.4198291700023156,-1.0930769986865896,-0.7751523058708978,-0.8705478570168212,-0.648637482934229,-0.1530213116622687,-0.4932783675107151,-0.6309999813995605,0.00027436338585077696,0.3724526547214628,0.16645135344200387,0.8637333839558444,0.6599342789869161,0.4390635172486872,1.6867437688142657,1.565366902857571,1.2754545118577492,3
1640,1640,GABRA3,yellow,-0.28714561421689005,-0.3632274666104826,-0.3238386184282965,-0.8336004137646076,-0.8090686169321392,-0.8174063030825964,-1.4199552417545158,-1.6131012699643208,-1.4343963084889289,0.3178589950767659,0.4810061918632058,0.303003196731104,0.9917712895251224,0.8387637690586139,0.8968934810292271,1.4051868397207372,1.3482512601029275,1.3190048301350767,3
1676,1676,GRIA3,yellow,-0.4547626918825283,-0.17953453266006586,-0.2633821128890389,-0.7969795790849732,-0.4498497060806881,-0.8152072682583255,-0.7566246232753929,-0.8326256488945734,-0.4088103201700529,-0.6967215616134196,-0.8900159663980962,-0.7794516324073121,0.6146714973273603,0.5279452947430868,0.7745313709378202,1.8379265918453347,1.8280641380011853,1.7408267507596884,3
1728,1728,KCNA1,yellow,-1.1327921098447429,-1.3028109806964896,-1.3309029418539406,-0.6737577200288675,-0.5119838819307021,-0.486302142616253,-0.7478721579318522,-0.7667873272029615,-0.910020885841774,0.5653075435119451,0.5853896884166384,0.5130494026560019,0.8543202117125288,0.6652318470762576,0.6925513251997985,1.3560105525211483,1.318135009247703,1.3132345676055677,3
1734,1734,KCNJ6,yellow,0.29900179183249537,0.3871799346614456,0.35942944806915106,-1.4506101781580392,-1.8986868005070925,-1.5177548491437225,-0.4521281986847523,-0.2757739989382466,-0.4055105417283024,-0.4176514735707862,-0.5403528993761056,-0.5759763306953396,1.0024231609304657,0.8292626420173613,0.8749156158620028,1.3132151375131162,1.1624750364301928,1.3065425034861502,3
1735,1735,KCNK2,yellow,-1.4987779574670568,-1.1626611061088503,-1.2922085714780964,-1.0908453997715266,-0.9894941440890112,-1.1951575032308288,0.08083189948608502,0.2417402842579972,0.031142056379241306,-0.05374951379514042,0.24460145416063864,-0.0921937176293623,1.1236526803585865,1.0285527122242035,1.274750597404526,1.088363367303983,1.0989776895451546,1.16247517244945,3
1873,1873,MPPED2,yellow,-0.5319462890289818,-0.6388148848782501,-0.6355677443986795,-1.230509965974213,-0.9975137438011222,-1.1986325974527967,-0.4116911723054539,-0.3850866937489596,-0.4247143651526019,-0.4375365438152043,-0.35111646234546745,-0.4601713905760241,0.8994197124029476,0.784853543170073,0.6864237724722956,1.8237297054829191,1.7482588025746602,1.7606163173748677,3
2183,2183,SNAP25,yellow,-1.3787364539408369,-1.3295900355630017,-1.1969433364848143,-1.3151150886636052,-1.3509954643541648,-1.400500323182053,0.07230611667686644,0.0030507409815152355,0.09181998863120454,0.6122584022394185,0.6363761630154513,0.5951253811644223,0.8573971999355684,0.8382959035790866,0.8040983369583464,1.1595113585639816,1.1455354031932723,1.1561057072493404,3
2221,2221,SYNE1,yellow,-1.3137818193118111,-1.2688592753335637,-1.2632814628992122,-1.203518610861928,-1.0561967588183965,-1.050271182611749,-0.2621782430297157,-0.3381346529997085,-0.2655023679267295,0.30471937385168085,0.28111456584603384,0.3256858217280908,1.0374267169405118,0.9689313728056822,1.0504953810446946,1.3585580582485957,1.410801228081896,1.2839918552456209,3
2224,2224,SYT16,yellow,0.13467643504381555,0.05085237373753135,0.0944220649606999,-1.3944544287945195,-1.517513563386735,-1.3605133679945505,-0.9992211963512848,-1.23559553800031,-1.04607262172243,0.2012323917890033,0.4735751515591322,0.13637208783122212,0.8891422234083008,0.6875963224475704,0.7175434007244011,1.4498839332901925,1.3658974633067382,1.3521768681512203,3
2226,2226,TAC1,yellow,-0.4602359661325874,-0.3871799721172289,-0.4840482966157764,-1.4625698249448018,-1.530350549435827,-1.5327436367163232,-0.3154701047489128,-0.3079750146753936,-0.3688336897531,-0.11523525370698355,-0.12380632924395285,-0.1565728519130701,0.9248286019569566,0.7866222121080244,0.8429561913801779,1.5851253635409446,1.4632479611783336,1.6422411598395168,3
2314,2314,UTS2,yellow,-0.3551339002795715,-0.3950792558683308,-0.3557551043431789,-0.5727804600402803,-0.7297071537528076,-0.7297071537528076,-0.5008654515774129,-0.7297071537528076,-0.7297071537528076,-0.7297071537528076,-0.7297071537528076,-0.7297071537528076,0.2294327290031029,0.7513893797530845,0.3842451998741136,1.9336208759185,1.934401767458911,2.054474296370716,3
2568,2568,ACE,brown,1.6512965666058266,1.6376335554559631,1.566355509654244,-1.6953487117889383,-1.3986877158833109,-1.688602805649715,0.1189169124193148,-0.060614569244930014,0.2672072035412993,-0.10611395460593648,-0.3810059813267079,-0.027090860957471083,-0.03750847471778066,-0.22909647314470266,-0.4615993744876874,0.4985092401696813,0.2652918718494387,0.08045806211141597,6
2569,2569,ACO1,brown,2.015363593555493,1.976198322879141,2.149713736808665,-0.4021048136845364,-0.17243992652432372,-0.2573657043275675,-0.4860375696204076,-0.5515121622462469,-0.6253110236545996,0.09298361618021184,0.3267793955947104,-0.01695619270686428,-0.6520482922786819,-0.5649790841845216,-0.3402001118900191,-0.9215674316794059,-0.6067656170617424,-0.9637507351593412,6
2583,2583,ADARB2,brown,1.7231647905248986,1.8057591953463792,1.7679017686302831,-0.9957402146645936,-1.3062658128671307,-1.035922968253458,0.5383282727313076,0.5787213481081328,0.5184759069376786,-0.3829410700267201,-0.7761286383393232,-0.4896975755576599,-0.13646826465712444,-0.2125382523422288,-0.3151807042675774,-0.39960373378664255,-0.5562168232405156,-0.3256472242756948,6
2595,2595,ADRB2,brown,1.2872363173689445,1.307613959127893,1.5367768846662715,-0.012826309579495432,0.056232063513602194,0.24672930708867954,-0.9135958400341426,-0.5568953891438778,-1.3296243889949204,0.19508786588274707,0.8060640449904121,0.97807531127939,-0.03911309716012342,-0.8026774066670814,0.09947741750081518,-0.949875194988198,-1.0904456315352322,-0.8182399133156834,6
2824,2824,BMP6,brown,1.7470018624742074,1.9538745081751216,1.8362674515329132,-0.1307245111417775,-0.4154374246059116,-0.5024760835787594,-0.7844410555416088,-0.7251618062130475,-0.8539327654650397,-1.2670549882317783,-0.2514273586159069,-0.6947995071809895,0.12730234320644904,0.4154124480440625,0.11323889692274353,-0.05695182841445921,-0.3660723934191212,-0.14461778794709526,6
2901,2901,CBS,brown,1.860651398347356,1.7204965288876937,1.741989704378759,0.26117565858976605,0.04088638994073985,0.3002189141814939,0.2051989733388088,0.28210892150297856,0.31519652167497925,-0.00197697644304376,-0.1757544236787921,-0.009472844521089364,-1.1588585647718574,-0.9111317127367524,-1.0909686557026743,-1.217127036038197,-0.9745991219106188,-1.1880336750395666,6
3000,3000,CP,brown,1.6761932737866507,1.6885755046726147,1.8908773968964248,0.0901841199209586,-0.15488339059505488,-0.13209164635775772,-1.160850669768943,-0.4544800201653563,-0.5937349517555371,0.0444154098370401,0.09742651826423784,-0.2255396252709877,-0.7490211564228589,-0.16425938975926835,-0.3264278678262986,-0.7265743503388348,-0.43367003994035785,-0.36613911517667147,6
3127,3127,ENPP1,brown,2.004064261714874,1.9944880441877733,1.9867910959797257,0.04112251760195003,0.28737940579623983,0.3354705519707153,-0.7648314062260457,-1.0533099144732585,-0.921639788282362,0.005351127662932706,0.032911249788422484,-0.03305992923926485,-0.3848276012116963,-0.5960899886144616,-0.5191146158884054,-0.7253204665666121,-0.88975232089214,-0.7996322233083859,6
3257,3257,GCH1,brown,1.8900867542376647,1.9892361773471998,1.8117166172875283,-0.4636680974587332,-0.5488517568847295,-0.5314219245388221,-0.99491653764893,-1.046900239136039,-0.8653378394288324,-0.4236984779018105,-0.3355109951973039,-0.4163541846079997,-0.2822349166214801,-0.2857348298451932,-0.5740607562975735,0.3835018570817137,0.27820752753297445,0.4159416220803581,6
3441,3441,KCND2,brown,1.57975503986095,1.564307507565368,1.6473100671705987,-0.4231861355411336,-0.3564512240205311,-0.3198059442601533,-1.1975847520668372,-1.1368920670472045,-1.5733129528678187,-1.088743428015803,-0.6447572554844887,-0.9837185123830776,0.4651477362057663,0.21757103265483266,0.4666885490471768,0.7087348288689874,0.5626817618318845,0.5122557484814781,6
3453,3453,KCNS1,brown,1.8416813431759795,1.9461410818862035,1.7923293918738463,-0.3976505669097476,-0.6036732599017074,-0.8469925077943413,-0.9229254254357534,-0.7555054942143448,-0.7947858350456577,-0.22152125446775447,0.2469561686836194,0.09693797941629992,-0.5129011707573702,-0.40177146056539376,-0.3295530661467401,0.07777894856196936,-0.34583128053829165,0.1312864081791757,6
3606,3606,MAP2K1,brown,2.07117339864479,1.992716260559392,2.079548790082485,0.06514753620951874,-0.010938578837532641,-0.2405595779848128,-0.7852919802625274,-0.9041297411302326,-0.8113317101470853,0.03831967837265402,0.1874083045822106,0.11744589195989825,-0.8169737126194389,-0.6700855108166134,-0.6947395701029304,-0.4637747305705882,-0.5632710874287811,-0.5906636605104092,6
3771,3771,NOS1,brown,1.9253130934928024,1.9187196127714508,1.943674763494264,0.0115696716103555,-0.0588427193173389,0.1253415070717723,0.3846753736960905,0.13795334947798168,0.15180939138700886,-1.0303524009466811,-1.2599591363406657,-0.8128445472673708,-0.3630185123684806,-0.3661707196288299,-0.7027495102832256,-0.6378999897993357,-0.6627554981439188,-0.7044637289058775,6
3927,3927,POMC,brown,1.8998643964041624,2.1184504516375897,2.1323997418040355,-0.4767266885296604,-0.7434752885618533,-0.7434752885618533,-0.4918358121520818,-0.7434752885618533,-0.5340284926066483,0.07443536279644586,0.2827868506987184,0.006174390546268005,-0.5065681327901449,-0.10315576296471657,-0.5152129067917611,-0.4184025329142705,-0.7434752885618533,-0.4942797108905239,6
4021,4021,RAMP1,brown,1.5823073921450546,1.4826281899058211,1.7164512624878776,-1.1748106684692352,-1.1748106684692352,-0.8752995251703029,-0.28627860801724264,-0.5847713904170451,-0.5737888574422795,-0.08053291315822407,0.2447453439949297,0.4356676479349377,-0.7181996231004891,0.5252834650845679,-0.3959084877397827,-0.34819671822796083,0.14931060906402818,0.07620354959457466,6
4069,4069,RNF213,brown,1.6576624694478317,1.6337293069463483,1.6140513345197922,-1.05300833859099,-1.0494792541837592,-1.0681938803842952,-1.1861445664794046,-1.4668970388892408,-1.2572989327076292,0.1573926332799023,0.06546738895919009,0.14962948644592092,0.3126846181360749,0.2888694003140179,0.3767848047689519,0.327676459278115,0.29872994667562963,0.19834416246351447,6
4092,4092,RUNX2,brown,1.4956410868956358,1.6725429581425406,1.4822731596546912,-0.7656238609285437,-0.2983131659239271,-0.294804796651746,-0.6426947001843918,-1.526787981858708,-0.7933325185689521,0.3689933990524627,0.6902941278762605,0.4388445516658809,-0.3729004929872222,0.02208930953932786,-0.2669819421913106,-0.5083216021268959,-0.5697916716046456,-0.13112585980045782,6
4110,4110,SCN5A,brown,1.270765422816896,1.2498761569398815,1.3167400938552776,0.1776036333789616,0.11308802616365228,0.1879849666026707,-1.8143700515226344,-1.5782618011140712,-1.7996875453107848,0.955366063968783,0.8891681954913494,0.9805901710858972,-0.2726509452706771,-0.43421332630515597,-0.3762797468164119,-0.1856148348185583,-0.3772588272130057,-0.3028456519320764,6
4111,4111,SCNN1A,brown,2.190793572590941,2.1902797273482566,2.1730276888396403,-0.10872972046999506,-0.2155141716178491,-0.139053893215777,-0.5650068212031076,-0.5719030198243039,-0.6773768189763333,-0.4483545179667717,-0.2259596872424492,-0.2975084354711984,-0.4739830554925173,-0.5644548346029808,-0.4370967080510797,-0.6773768189763333,-0.5762776920209044,-0.5755047936472377,6
4168,4168,SLC24A3,brown,1.4238770414480664,1.3785810030546564,1.4061109918732413,-0.9129501197891502,-0.9347550166234956,-0.5704749028386443,-0.11729499806074982,-0.09458625087340064,-0.041828121672858584,-1.5799253042432675,-1.4525506542357995,-1.5178748363173795,0.12929089542179772,0.2796715721335813,0.04175094355690743,0.8332138022415961,0.8112926698817314,0.9184512850431679,6
4292,4292,TACR1,brown,1.6687142704691535,1.3944653651717462,1.8693970161239928,-1.2355730676422805,-1.2565982975866845,-0.6141219289960307,-0.2916044692194227,0.11509135884507456,-0.11076705690041357,-0.504259728411737,0.15478188574206944,-0.0400767978515339,-0.2330923992145916,-0.8257443748999292,0.3387801916996715,-0.27619051211276785,0.12816030510082485,-0.28136176031714205,6
4391,4391,TNFRSF1B,brown,1.6457790184923249,1.5338345361999808,1.814669620727936,0.16057777581857335,0.1173906831629492,-0.0003299039486001632,-0.288709153874911,-0.06443226572437544,-0.2275059666401425,0.4775537266567289,0.5502621005673416,0.6561427669392238,-0.7063273761073412,-0.9129461549071274,-0.681849934426679,-1.0321533542326662,-1.4229801429403328,-1.6189759757628817,6
4435,4435,TXNRD2,brown,1.6079793314703157,1.6640098221899813,1.6962609892003566,-0.4291751764817148,-0.4947700858090572,-0.4575358248375914,-1.607538224252104,-1.3900724196960486,-1.4195318467704388,0.3736556548639829,0.1855514751447721,0.4788133188087579,0.01766547396081919,0.4296780230390376,0.02373336575587907,-0.2653381549197645,-0.17420716866565208,-0.2391785530015258,6
4483,4483,VDR,brown,1.6090682712212152,1.3565360014540586,0.9877275381122668,-1.6417792171877563,-0.8787664763628227,-1.0393958583873282,-0.2951654921880682,-0.7353755646392478,-1.3766127549807001,0.9552428540919952,0.7240524345111895,0.5992373333680627,0.29054752565709024,0.049966607098209014,-0.5011877866596838,0.020792092209874817,-0.1180647929559978,-0.006822714362361278,6
4814,4814,CRHR2,black,0.8619426108543512,0.7924614916189201,0.7960571470254286,0.7697214506360076,0.8063076044418396,0.7062208918680772,-0.5313900848751442,-0.28608377153552705,-0.4034383884790296,0.4706189781400299,0.2115984566168784,0.7001746103278537,-1.31185317625405,-0.6840976439326759,-1.3087380084012197,-1.0342525991387708,-0.4695885196126093,-0.08566104930036651,2
4970,4970,KCNN3,black,0.9421886380004466,0.8209251083156159,0.7751850772871839,1.359106958972876,1.5971291507815826,1.5681762415611322,-0.1440388891241646,-0.3983578075955291,-0.2528651536056208,0.01984386849079993,0.2505295122946552,-0.15759922201105428,-1.2468956526256652,-1.3359076635550071,-1.3141580762364804,-1.062631893635137,-0.781309912514442,-0.6393202848011843,2
5086,5086,NOTCH3,black,1.3171853377207825,1.164365081814032,1.2828214178028143,1.2475247934142464,1.1692139521024134,1.1451788457638992,-0.34492765405016085,-0.3658807103099616,-0.3548569740626433,-0.12704891252758455,-0.117136436130166,0.028815355994280274,-0.4691207265521069,-0.5683235236733942,-0.4211575007097241,-1.562781349445836,-1.4597358574550094,-1.5641351396958785,2
5164,5164,PTGS1,black,1.4037600385692872,1.3023329837785305,1.352348552736952,1.3237872094557428,1.443705615151656,1.3523876772529508,-0.4785855225204057,-0.577432419716105,-0.7124389148547182,-0.8139737950883518,-0.8747981905644969,-0.7426951387219054,-0.5369829077626171,-0.8363892439959587,-0.4387578154297705,-0.9395640869629102,-0.6132786605801849,-0.6134253807476958,2
5229,5229,SLC11A2,black,1.1130043285747602,1.1363971559992614,1.2150011558553602,0.9062538879972274,1.8036291537252904,1.6849929437334656,-0.35628513124636524,-0.5009708093175477,-0.5608235772230857,-1.1242873368581925,-0.8433559077477382,-1.1731301302199937,-0.6516784786826121,-0.6494176293193817,-0.6965063257262857,-0.3631940528362248,-0.4117253186784833,-0.5279039280294925,2
5489,5489,NSRP1,sienna3,0.24998872302791905,0.1849493113533435,-0.2492936235380294,0.5793978041788569,-0.2706310024617615,-0.11692082144459975,0.5001366961772514,1.5156534547316491,1.0771063286064293,-0.34343521581587844,-0.7908671257692098,-0.09529460227779384,0.2473850019314986,0.4589317556832019,0.423765782398976,-1.36095228018479,-0.9627645557970874,-1.0471556307999477,1
6072,6072,ACAN,turquoise,-0.5219062640351015,-0.5184833072247174,-0.4336813764539952,-1.4846966988988906,-1.4548805620207128,-1.6197390947089625,-0.7889697021202702,-0.77392436341499,-0.8640467351857972,0.7508292395456772,0.7797249205764931,0.8496067922294198,0.8971085672657612,1.092729640850839,1.1434933843551287,0.9274444287726326,1.0740734552323117,0.9453176752351772,3
6091,6091,ADAMTSL1,turquoise,-1.158985487995052,-1.0360188530452812,-1.1211383480680546,-0.8198308014525412,-0.7485956789451684,-0.8252458430172386,-0.9834573999377528,-0.8757515768770224,-0.9325821156265902,0.5400936576032261,0.5383123324161311,0.5989474048174429,1.0968233288685525,1.2322806355341593,1.3195857281301422,1.0004523500103446,1.1173216934130386,1.0577889741716704,3
6414,6415,B2M,turquoise,-0.4200084827275723,-0.4937174265026935,-0.5628755393626503,-0.6403178248701633,-0.6716886051231602,-0.6585294751346221,-1.413327140662484,-1.2979692611165554,-1.3555623701702215,-0.11981935074256166,0.019735307705223856,-0.04828836928761774,1.1610790317681916,1.3452439250663697,1.407788265044826,1.2291577270753595,1.2687133965378068,1.2503861925025264,3
6485,6486,CACNA2D1,turquoise,-0.2977753848647923,-0.28828189714796565,-0.2369333436984413,-1.8174123544809568,-1.6958254666782373,-1.7433779669195335,-0.5579285648307114,-0.6756269773053445,-0.5691032099403458,0.7675334567642335,0.8600571891923591,0.6978674650677803,0.9827344954864712,0.8397507475707505,0.9172909471340209,1.012717427132923,0.864736016864987,0.9395774206528033,3
6593,6594,COMT,turquoise,-0.7343874554606328,-0.8346880304086093,-0.7067262910175879,-0.6353949248552607,-0.9621454345911764,-0.8991219013718581,-0.9729707353227064,-0.906039303981744,-0.7103543756012404,0.23675912601286275,-0.10057444568768638,0.3790884603005329,1.0725084465436605,1.358569242715706,1.2775575593381108,0.8983241065873288,1.0420757794870432,1.1975201773132549,3
6922,6923,ICAM1,turquoise,-0.08566232010182429,-0.011518089504791029,0.00043622081399824486,-0.9799285577825164,-1.0168751348518623,-0.9750925412157274,-1.4546690065540944,-1.3961320710504064,-1.7739285815811263,0.3580787983979359,0.5344674336718943,0.4311660298853789,1.0558780208937002,1.1350493115913909,1.2282426126057229,0.9549835256839572,1.0386297697162312,0.9568745793821392,3
6944,6945,IL10RB,turquoise,-1.2959120574926382,-0.7738902538413468,-1.4261257844516553,0.0440728605119227,-0.7738311193050763,-0.39562652859199865,-0.033383373350846984,-0.7758005322327012,-0.8530769673947702,0.4818463610763935,0.012775777333377305,-0.4921177175388416,1.4049845397349172,1.1856058599802506,0.7618811108708362,0.7700140574681248,0.9824442740036536,1.1761394932204088,3
7186,7187,MMP17,turquoise,-0.6714320056104598,-0.6904178581919297,-0.6448444365879059,-1.6066949571753049,-1.8078932368092069,-2.0081954178249264,0.052638717371949084,0.0938605840830064,0.1103896953658458,0.5376420656841311,0.4033152293023463,0.6280104398242944,1.0258388990529759,1.1147924090670696,1.0753076795057694,0.7495351917743919,0.8267403571993244,0.8114066439686244,3
7219,7220,MTHFR,turquoise,-0.6565653561240589,-0.9102277075336488,-0.8176402974391913,-1.420687488284874,-1.5641621970092536,-1.6554160076611513,0.02059701516112115,-0.133382539561288,-0.08326011559339111,0.33778092031390466,0.041059370618250934,0.3172403421873255,1.0023339413623775,0.7981054766552814,0.9537936578282958,1.2500445596211074,1.320598252543061,1.1997881729161377,3
7231,7232,MYT1L,turquoise,-1.1211866945792603,-1.4107764130321108,-0.8859247464364634,-1.377439196427247,-1.680540496851232,-1.51011298856933,0.6056490609785338,0.39708683556235386,0.4990662022085395,0.3684001586417216,0.4629293147164295,0.294536047257095,0.9381465897676992,0.758995874830838,0.8422944146402132,0.9843164907709312,0.9237119213303222,0.910847625190966,3
7263,7264,NFKBIA,turquoise,-1.023328752933934,-1.123259501296875,-0.8027736280847463,-0.8687940997717544,-1.0994078909860951,-1.42037607920681,0.5126703170452075,0.5397999468320376,0.5329315872643979,-0.4670130993512555,-0.21604151998217386,0.3673617740962287,0.9564061178174984,1.1428271773214351,1.0059058864009869,0.4884617834107616,0.5075529026870507,0.9670770787380318,3
7314,7315,OPRM1,turquoise,-1.3324334934720414,-1.1849936193831632,-0.9696947436350802,-1.1328557028840358,-1.3324334934720414,-1.1964793280549042,-0.16950367764193414,-0.3648489050937085,-0.4459644136707938,0.4520275943145576,0.6109989520639416,0.3743299628881565,1.4219809178259857,1.0404151993125323,1.2549962580503018,1.0229087323387764,1.0506556437463686,0.9008941167670854,3
7427,7428,PRDM16,turquoise,-1.1716451806935384,-1.2911963951173766,-0.8052080366064519,-0.8370431934693606,-0.5815568524139051,-0.8585386096669749,0.3235678549193621,0.17594121456891412,0.5064606449264635,-0.23985307532059616,-0.7161853418866332,-0.8073972053493428,1.098675294597109,1.1057426459063942,0.718967234551103,1.1415391822261214,0.8874760669819469,1.3502537518467692,3
7646,7647,SLC6A4,turquoise,-0.7410011336847043,-1.4945960838149528,-0.5495730467839031,-0.26874888186613743,-1.027376566682998,-0.4239774625948373,0.03693996660225777,0.22797202301672415,-0.15798846122505214,0.02054405351688908,-0.12045162375343325,0.06317158366320748,0.576355308819001,1.5178280411804457,0.5431983635223159,0.3204707899638715,0.4447393718403085,1.0324937582809983,3
7690,7691,SPON1,turquoise,-1.1320166092214314,-1.276037615098829,-1.1942112739927533,-0.9266452902263584,-0.7664410251535699,-0.6854543467619241,0.14237617429281432,-0.03437431899974309,0.005966635326324632,0.5625374604577176,0.9145148615338664,0.6909743565915566,1.71586077827224,1.3946458185105268,1.6770921534401824,-0.3284384182162982,-0.4473445101053073,-0.31300483064900314,3
7719,7720,STAT6,turquoise,-0.34588897848577105,-0.39232609780092415,-0.4177622978828401,-1.44171109974288,-1.4586611150350357,-1.5027422586035115,-0.8666071077179373,-0.9000106448462737,-0.8385159541521584,0.7003066852690076,0.534989089832408,0.6678867149463087,1.1681511709141217,1.297799249894346,1.3678972839883496,0.7893668265116931,0.8185237030566173,0.8193048298545021,3
7738,7739,TAOK3,turquoise,-0.3825268729793949,-0.3454411009893475,-0.4091789980388689,-1.6809999363236001,-1.6328813662676942,-1.3986982259729523,-0.7046351492579591,-0.7395213297284134,-0.7402316711429715,0.5422028434931104,0.606140062121616,0.5903501852165843,1.0073503667200896,0.9400034534962484,0.9627141596207016,1.11948385646082,1.1377471269306665,1.1281225966413622,3
7765,7766,TF,turquoise,-1.315678677526332,-1.412100776056156,-1.6597028506626064,-0.7299789568314141,-0.7109102020668342,-1.1738417559125218,-0.3168481770450628,0.1928433487037274,-0.32868929231786603,0.5116116632805854,0.32696991666600256,0.3687509332643382,1.117151813315144,1.0980986830301578,0.8245786975062336,0.9246939346422226,1.1067962200056158,1.1762554780047676,3
7846,7847,TRPV4,turquoise,-0.5796292178042911,-0.5891844555685024,-0.7410113385033772,-0.9959386980053888,-1.0640578926021338,-1.07965693838056,-1.0134294871879896,-1.044588494337883,-1.0676564436307516,0.28924105109350096,0.16313620132932596,0.34695639892987257,1.3335363134267022,1.5223041446210297,1.4598464428749471,0.9915933587598144,1.0952731226240784,0.9732659323616072,3
8165,8166,EDNRA,magenta,-1.0140364798887938,-0.7953293300825477,-1.0253580170946706,1.1222769932700347,1.2720988170279095,1.1372603933410834,1.2748347475598,1.3043165907331429,1.1044375721202346,-0.08496980570493858,0.10303741156171442,-0.035475894285235385,-0.26511013037858205,-0.33832813106542353,-0.2252622498362614,-1.0278870772933817,-1.2611009162984441,-1.245404493685671,1
8222,8223,GRM7,magenta,-1.1458296210632617,-1.090279152466963,-0.8377063011666758,0.9086294344123736,0.7762501534278452,0.4770057353617793,1.2032976707987957,1.6152876890494683,1.3703533395843257,-0.08435537549669803,-0.3010669452203394,-0.3486089927801375,-1.2346799237184285,-0.9422334462259868,-0.8945207125995016,0.18261222352383352,0.3606452433646541,-0.0148010187850842,1
8483,8484,ZSCAN20,magenta,-1.6493917857767275,-0.6515198808904845,-0.7737945943326907,0.44662806108142855,1.3532771762445763,1.6033643695156583,0.7239911807575972,0.041948721822532176,-0.2205872494134383,0.43700685586380295,0.6189647766099835,0.012766509287354988,-0.487311626440549,-0.7925808014477638,-0.10413151756253733,0.37987639293220576,-0.08629674958338741,-0.8522098386675209,1
8581,8582,MRVI1,paleturquoise,0.4396452043186112,0.4403094041034792,0.2086640188243528,0.9192398041381226,0.8996532772342478,0.9277245551362926,1.2167236168760367,0.9529371645045616,1.1041584418169514,0.2473208024556829,0.1652525514948805,0.05427925295553234,-0.821983924626266,-1.4705159378060482,-1.0542436225398648,-1.470380451554135,-1.2901471474029536,-1.4686370099294883,2
8755,8756,CD247,salmon,0.8734251178449692,0.6086259018082684,0.552891970720481,1.2656998634070382,1.0048371280464552,1.332328937634398,0.3924763771787739,0.9033732917399848,0.5912533755192736,-0.40484139660820656,0.019905472189516826,-0.3217323616779874,-1.1220896230407251,-1.1221595624925722,-1.4947330110991048,-1.05039044957573,-0.9834557116378108,-1.045415319957022,2
8802,8803,ESR2,salmon,0.9401297748248068,0.30152399483782594,-0.4882327066202949,1.0900199764009832,0.9188586715328196,0.6512345609599178,1.278062378603586,0.4591259388114443,0.1539219608530432,-1.0783997339841933,0.1142464802616396,-0.06101166945477635,-0.8089557243052621,-1.6385789605434564,-0.5475041515656905,0.04217115360844437,-0.4056158165535959,-0.920996127667237,2
8877,8878,MPDZ,salmon,0.909918579893629,0.8697684699055799,0.8768131985795643,1.0356923952804604,1.6700471406149922,1.6127007936599504,0.421444126174253,0.3062044891375777,0.2618998549206634,-0.9488401764324648,-0.7331850044211796,-0.8984949095559838,-0.7667514870419082,-0.8576809614869602,-0.4133192347217409,-1.060744986830095,-1.0126310148581907,-1.2728412728181444,2
9240,9241,HPSE2,greenyellow,0.4983098335955876,0.6700112450395704,0.4261141653029826,1.6235468104779371,1.6561120706474508,1.6245162467732612,0.5420266147394751,0.3807872613009841,0.6131939412488668,-0.9553207047523232,-0.810325400543328,-0.7643670093623118,-0.9553207047523232,-0.9553207047523232,-0.9553207047523232,-0.7280015507065395,-0.9553207047523232,-0.9553207047523232,2
9317,9318,NOS2,greenyellow,0.5893628063779371,0.5911091318004996,0.5385550731443399,1.6505695865030414,1.6783317235704829,1.6849091837469683,0.3137010360778872,0.22146786364266705,0.22974441133481474,-0.9935607983754616,-0.8026099867733366,-1.1847669317004497,-0.8450783936695444,-1.0013535691823692,-0.9480167670019748,-0.683733680859319,-0.5098380995937397,-0.5287925890424464,2
9401,9402,SMAD3,greenyellow,-0.5185816517793688,-0.4756509361756198,-0.3784965081548299,0.901965794612864,1.1336143485926986,1.089818762946389,0.35846130730679865,0.481051890614038,0.285628679203825,0.7383738247849781,0.8229066001338516,0.8476665246659393,-0.4267968073861072,-0.10503285717685833,0.05940068718693544,-1.7264372643085175,-1.443162915326998,-1.6447294797400271,2
9429,9430,TNFRSF11B,greenyellow,0.4749825763554645,0.6269550222384076,0.5216194318913545,1.8095638156621856,1.7484927359098323,1.7376490480669702,-0.07505815127530761,-0.022246903592770262,0.24776630002501174,-0.9411547737070748,-0.6833193028051908,-0.6261143219897051,-0.7175335230072374,-0.799966973238443,-0.2955319599608062,-0.8042031052234909,-1.0434894283760483,-1.1584104869731562,2
9438,9439,TRPC4,greenyellow,0.9994521904717248,0.8883314701933243,0.9634262668453468,1.399337397685139,1.5752690421151259,1.48802105358598,0.3195902909471077,0.27719694076950113,0.2854857327034157,-0.8852047167513959,-0.7671732661076766,-0.8630047209645139,-0.9688526882872928,-0.6893951539911508,-0.6828060860901014,-1.0817719634260543,-1.108782484730425,-1.149119304968057,2
9538,9539,BAHCC1,midnightblue,-2.1095470117063635,-2.2926608394228483,-2.0287489023622274,0.2309264630343223,0.08064571527277384,0.12610011015012315,0.8429030708402321,0.8535719875871338,0.8943183618465973,0.6851780545364085,0.5605057987138068,0.6938274246321846,0.41637845096757015,0.4207027253643143,0.3561428689229512,0.13352176233309068,0.08648528268254227,0.04974867660738915,1
9584,9585,DRD2,midnightblue,-1.6346410350751572,-1.877041852802791,-1.599959233888599,-0.9220629834925242,-1.0000701164893155,-0.7725083659391466,0.9268618210325524,0.8612199791763744,0.9450167405577716,1.0244828213735493,0.9331747636310278,1.062856598263994,0.5165278680988162,0.3954699958640182,0.3965842649629359,0.2559206131871307,0.2272813447690336,0.26088677677032784,1
9675,9676,NTRK1,midnightblue,-0.7911476482298064,-1.0549237764976214,-0.8406733140077328,0.104905182875252,-0.02035772322824221,0.00954810149287281,1.184631203033306,1.1366564586948236,1.2132484850945957,1.4545233185857045,1.3627563230422766,1.4527788471125913,-0.8503646464276745,-0.7385802082322236,-0.6333177865477801,-0.9087767950897099,-0.9959754388394826,-1.0849305828311484,1
9725,9726,RGS12,midnightblue,-1.8695554936127845,-1.9824899953903303,-1.9334277134080464,0.8629478664580142,0.3966652126311187,0.4800093381410697,1.0972771323945916,1.0917608073753016,1.0897611205722082,0.5944210879587213,0.2317726899050649,0.7531708302759661,0.13806823475903424,-0.06840314971532724,-0.09760312808703052,-0.2549364962000985,-0.23853633489179196,-0.2909020091657171,1
9802,9803,ABCB1,blue,1.5644367210112164,1.3958885388351028,1.3145344500314102,-1.0290809640389966,-0.6512840210745391,-0.7709346998576619,0.4719248793826254,0.6535380734277061,0.3527962163638933,0.2427689096633119,0.1083555151051771,0.8310683223659332,-0.09622434688372092,-0.8796149642790011,-0.4843879468127234,-1.0710668459411348,-0.5707163535180134,-1.3820014837805854,2
10006,10007,ADCYAP1R1,blue,0.8834005772144377,0.9375206006202352,1.0209707087789122,0.9344735641079516,1.1532483490796728,1.0907023929351347,-1.467724652381895,-1.5539539916650247,-1.7234142693148282,-0.9663910798465946,-0.7708283748828162,-0.8890565459287162,-0.1841391808308607,-0.261790633748791,-0.25969535016278195,0.772072047681966,0.6184275072558896,0.6661783310881096,2
10185,10186,ARRB2,blue,1.6386144246216017,1.517088362854203,1.6315800103625409,0.833893626144914,0.6120769238168979,0.5715849512217294,0.09011395859341008,-0.11572918547228955,-0.047202440244528056,-0.4236935973102444,-0.8479467090568656,-0.35623312404835444,-0.6827721752799786,-1.2050666904467198,-1.325598825937867,-0.5456693640085314,-0.7567269647638115,-0.5883131810461095,2
10337,10338,CHRM3,blue,1.4453538882646113,1.4806382814502248,1.5329023302455458,0.2871852071250108,0.6975244416695441,0.5728113071993598,-1.0701131687420529,-0.7536383698720388,-0.5813541330640317,-1.293096049997516,-0.9626874178038696,-1.347865455750209,-0.2663984706443807,-0.14116375252411992,-0.1491600788749278,0.3610278888081315,0.18784769754900568,0.0001858549617271092,2
10522,10524,ELAC2,blue,1.8230516485140476,1.5353673256086733,1.7898518918026116,0.6384974832183047,0.4901415578835213,0.5521991281538857,0.15131788574863453,0.33720805246709323,0.1781758160018183,-0.3656948245604686,-0.5474958344235771,-0.3094711230060763,-0.8787912814582458,-0.9176201504549004,-0.8625323196551428,-1.4155274843191386,-1.068950572431896,-1.1297271990891609,2
10601,10603,FKBP5,blue,0.966543723298498,1.039151187182555,0.9830495935243898,0.8227729187270851,0.9320943352735296,0.9295657224348948,-0.2334167001406405,-0.448748299020358,-0.3548394034725457,0.6471716236635788,1.097295020885451,0.7027655738357508,-0.7393654347819267,-0.7576503134411067,-0.7534384796647879,-1.6436487496052496,-1.5278254326697678,-1.6614768860293605,2
10681,10683,GPD2,blue,1.5221688278762648,1.459023396325742,1.5301423392501048,-0.385876111568314,0.16282810695207126,0.3062202404824614,0.909755888412766,0.6912265468504156,0.7259736429659057,-0.5148527940842816,0.009437960247420616,-0.5989103430124945,-1.09682793070485,-1.0812550225071664,-0.8136765466615731,-0.7531749109910719,-1.1242207767631391,-0.947982513070274,2
10956,10959,MAOB,blue,1.0859115598327358,1.2044618047322773,1.0246813671597643,0.13617367839039538,0.317467871783433,0.1761761349833848,0.7547059617866685,1.0142862164549853,0.7855342400422365,-1.5180588521152798,-0.8609247933724106,-1.352872927508016,-0.6019678478788778,-1.0573274505518748,-0.8689975339526731,-0.2085533755533585,0.08522996137550083,-0.11592601560888705,2
10960,10963,MAPK14,blue,0.6233874429383385,0.613003195044225,0.7811978147526943,0.11984668457578253,0.6204890230251561,0.7643306616993518,0.23354485874430214,0.058581188040869286,-0.13933157218164452,-1.7075044125167949,-1.2322964595749053,-1.9110032902591303,-0.0646687443720747,0.1758633472532444,0.3564001474992849,0.5003196101935908,0.3989025986388873,-0.1910620935011952,2
11056,11060,MTHFD1,blue,1.749143670052501,1.7273575445640184,1.7940706595369973,0.09160282545694602,0.16116440156849107,0.1939711354078196,0.5027813582543524,0.5773734828404286,0.4491839443810644,-0.18211009011561674,-0.20171652189892594,-0.2323424076097107,-1.0805500531896977,-1.1214626445119444,-1.003776604231182,-1.1410929714035738,-1.1256598983986985,-1.157937830703261,2
11068,11072,MTRR,blue,1.601549509623782,1.826610390665612,1.6721551867875732,0.1353660881881392,0.8007488394726656,0.7378975763101306,0.23849897088063626,0.013639853629348551,0.07555437791237317,-0.7865606479346231,-1.010629120791565,-0.9142242869363816,-0.9006517434271587,-0.9679484402328922,-0.8214108075789329,-0.5503803392711464,-0.5079356094012285,-0.6422797978962671,2
11142,11146,NOS3,blue,1.3573955869322163,1.3967656474242425,1.2141932369245312,1.2105110903159941,0.8554388378126184,0.7667187028508374,-0.6751568762762362,-0.5500439447651532,-0.7011538110188559,0.29135134838483906,0.1148957212925216,0.4587836859425081,-0.6162762518196824,-0.626150763059239,-1.2252554179550619,-1.3101920040078578,-0.9855759026061991,-0.9762488863720296,2
11221,11225,PATL2,blue,1.0937658693419203,1.2182992335548548,0.6293520233467009,0.15006405537597925,-0.17500833827642626,0.7970389503589091,-0.9003917415290643,-0.9457428092700968,-1.2690098586208751,-1.4816687502584436,-0.6900046876188343,-0.974875737799646,1.2671233747120054,0.9328086421146606,0.19650414039252773,0.3424989774823632,-0.20089239149154547,0.01013904818500542,2
11710,11714,SUGCT,blue,1.0135119326640754,1.0932290298281755,1.6972674589224208,0.5383300547349519,0.7622938218294353,0.5556594846328108,-0.043726683954221995,-0.2725911384491282,-0.31224256364222897,-0.8330753600940269,0.07874806480211728,-0.4394367322682616,-0.8365862125631529,0.4749993783910995,-0.48844441955607,-1.2113088719373282,-0.6604643208110568,-1.116162922529598,2
11753,11757,TFRC,blue,1.7863341001379371,1.6750498874801742,1.8181086655070924,-0.15374841530281064,0.4977245140507972,0.4579697664098133,0.3741798350352348,0.16857264832709462,0.20408464192394274,-0.7516611975134518,-0.2252908807690593,-0.7816718625997211,-0.9741414773828267,-0.9123910409456388,-0.8157289531223771,-0.6240975337523446,-0.7144466585720443,-1.0288460389118077,2
11835,11839,TRPA1,blue,1.6116544872998482,1.8015791657375293,1.4585717908593885,0.4373911633654486,0.16404599838824044,0.4292629779605472,-0.8632392581172678,-1.0945682192179829,-1.1356876711434605,-0.17450700890841528,-0.13351093278533696,0.4899713925077736,-0.5935730638587944,-0.3713518909955512,-0.19678743557027453,-0.8333424167882858,-0.2164827390237035,-0.7794263397096911,2
11950,11954,YAP1,blue,1.299666956360097,1.3135171997026234,1.3726199100650414,-0.009581377054776056,0.4836063409476611,0.4844209006908128,0.8475441994644503,0.7461965654831418,0.5143752339235,-0.4881736446110931,0.3550605042008894,-0.34748928434518883,-0.978016933656734,-0.9042753012470388,-0.5350659752718553,-1.340539948467814,-1.3969958343980575,-1.4168695117856531,2
12259,12264,ADRA1D,lightsteelblue1,1.1222531632743964,0.7891071938170735,1.0181039454381875,-0.6691440252959987,-1.2569248642275517,-1.2499469378003334,-0.5263604247681012,-1.257133941522272,-0.8051497128694579,-0.10749061630373984,-0.5884286875731531,-0.2699956445036163,0.7333618922266183,1.0934561138664285,0.4817046546251871,0.394457785313086,0.7621590827270085,0.3359710235762365,5
12341,12346,TLR2,lightsteelblue1,0.7954278447738488,0.8220468015771278,0.8423085820190587,-0.8411628255565864,-0.9039974892713089,-1.399972170849374,-1.7067449635543666,-1.1780015885055566,-1.0327835607625868,-0.2199976852517921,-0.1255352139164064,-0.044203062399738056,0.9118890457077709,1.1776336190542074,1.205144339459424,0.644596649579567,0.3739094859045515,0.6794421919921625,5
12431,12436,ARVCF,cyan,-1.0274790299682846,-1.1029827417131597,-1.0090716383020617,0.1759555489455378,-0.474231341805696,-0.4586323146493878,-1.2883131658266076,-1.139451021620249,-0.9036733798875836,1.3133964075952556,0.6207195450410332,1.5783748676087397,1.100859983005357,1.1204078011944698,0.6753220321501852,0.29367758315176723,0.22312975647135933,0.30199110860929523,3
12527,12532,GRK5,cyan,-1.709843299937748,-1.8714189742096818,-1.7588583321468694,-0.5787550796328644,-0.7218180461666791,-0.6900265369382295,-0.038383399843347286,-0.010386832857161596,-0.05440107820015309,1.250681032616866,1.2067908895965538,1.2886545456503218,0.6105493504865249,0.5215616358548395,0.5414797053296486,0.7100971669229162,0.6156793797737207,0.688397873701354,3
12594,12599,NGFR,cyan,-1.8112147552210336,-1.88476318998,-1.8018764457494072,-0.4889631484773062,-0.6089422130448939,-0.6166392583893213,-0.07762098167198987,-0.054185272526123485,-0.08950029681071503,1.074498331850002,1.0414662734653364,1.133891396614341,0.6766328073799769,0.7764237269494906,0.7535794627497873,0.6245925020711042,0.7047019255174893,0.6479191352732485,3
12598,12603,OPRK1,cyan,-1.0221611296303268,-1.101248489718703,-0.9735392012457148,0.14022593889608373,0.1518187987536797,0.1710869772951428,-0.9167429816365228,-1.1613133335958001,-1.0228099184217048,1.4274044935602153,1.5280758290260936,1.4809607433483631,0.8347065833156669,0.5126280552366024,0.7665839047467825,-0.3000573567810661,-0.4077020592944112,-0.1079168538543776,3
12634,12639,SCN11A,cyan,-1.712910067102536,-1.7109018589712262,-1.742098122240136,-0.4321966159570211,-0.4857674490595705,-0.6016600221498134,-0.21291922479754785,-0.25518409158631705,-0.2433468501495661,1.40456518594353,1.0479358681525983,1.1860267513878016,1.0131447896913215,0.8503588103724483,0.7248620030491004,0.4758170894741266,0.2081993384463008,0.4860744654964943,3
12759,12765,CARF,lightgreen,-1.3671666914577472,-1.026545296494447,-1.836472757979295,0.21254345600668909,0.9001658607577924,0.8006669702453717,0.2041947751882419,-0.26407088513111104,-0.046145209333615884,0.11244416485908444,0.4376146406245385,-0.2079201556527892,-0.16817921461381585,-0.7902232629533753,-0.0002658219861880751,0.9790126943868264,1.2752739719673831,0.7850727615664744,3
12981,12987,ATP2C2,mediumpurple3,1.4656674991397078,1.239195024643337,1.2538547105121052,-1.3585138976651967,-1.149095580743943,-1.5718520583625546,-0.9461062248937538,-0.9007042697913832,-1.2017138563123828,0.21323059796946,-0.01923417654013354,-0.11832419118196133,0.6988383555709787,0.5675809738520349,0.2626456330594286,0.32374095566619737,0.6534530833951046,0.5873374216829524,5
13064,13070,TGFB1,mediumpurple3,0.8772681966562569,0.7996346235095798,0.8737652783744357,-1.1200603587826718,-1.1833525064652326,-1.4433038003678371,-1.5411156702140791,-1.1405537959552725,-1.75735514904028,0.5115468055071691,0.5375960413080437,0.5270960432189371,0.5133599616270307,0.6342945530886803,0.6334626094126854,0.6515158029389977,0.8428131629236328,0.7833882022599283,5
13077,13083,ABCC2,lightyellow,-0.2986592647461385,-0.4563444779244623,-0.5252607486895204,-0.33069842896386603,-0.4668479944840649,-0.4117652437314363,1.9686845506217905,2.1328411577796675,2.014386337158655,0.26338675702872577,0.27257371164123617,0.2258136501779781,-0.6481399147501622,-0.5775079691204174,-0.5159601508226365,-0.876109745814135,-0.8478893052239772,-0.9225029201372346,1
13196,13203,IL16,lightyellow,-0.4827732192156722,-1.1132895707076929,-0.8818552556923877,-0.4734308230129486,0.03196057553805059,-0.6349961586692955,1.9110732801792496,1.3914184170968331,1.8839924509749684,-0.3380474491773356,-0.3082962797468824,-0.3643872845815189,-0.05283265884232974,0.1423814063374853,0.5596926067165289,-0.08693970481989775,-0.4746544912485936,-0.7090158411285595,1
13236,13243,NRIP1,lightyellow,-1.651379454514475,-1.5977329271980512,-1.5650125375351056,0.5408593888821409,0.9004212749167428,0.8812140358097579,1.1402680693977507,1.0831280382601618,0.9867868271975158,0.7631819303976063,1.007157346798046,0.7114388524663146,-0.3518071547752994,-0.3974653187498569,-0.10495959006316816,-0.7577629507254128,-0.7141565659931914,-0.8741792645714916,1
13246,13253,PDGFC,lightyellow,-0.8944628499755795,-0.7722972021852428,-0.7827174352225438,-0.4171864044772733,-0.3253481502543638,-0.3732418913197996,1.668886209718481,1.7706252408030867,1.6336561032478043,0.8866189480117272,1.1589210003368051,0.9663614860001214,-0.8165740252531789,-0.6920548249221053,-0.6404317826457796,-0.7940445037383682,-0.7885498521439892,-0.7881600659798003,1
13326,13333,ABCC4,green,0.8620290337164604,0.809643392918086,0.8720105259310486,0.32203397718497423,0.7144383098593835,0.8254652077684468,1.2298246212755135,1.1102684723771383,0.9283725766874258,-0.3940706691910467,0.005003819748112083,-0.3315163839985477,-1.0970416354219596,-0.996370823375576,-1.1535986695583709,-1.1232827810551127,-1.2683991716856509,-1.3148098031803113,2
13780,13787,GRIN2A,green,1.10307894841027,1.1409420213951975,1.0251493878497857,0.5217585300902957,0.786359817503178,0.8853265774243072,0.6206301171228266,0.7824161820412924,0.6040407554404162,-1.5150004670237118,-1.5534402429552372,-1.2616200069930723,-0.5795407697185496,-0.6730027866670741,-0.6740666929179931,-0.3687978616345582,-0.4296511614211815,-0.4145823479461981,2
14297,14305,TIPIN,green,1.0944145321570422,1.219128220882789,1.1732001686023288,0.7821984876578553,0.9546123603338088,0.9546591663989048,0.5868770277131845,0.7537591917224703,0.4730447936564798,-0.14915697108330306,0.023061424142474227,-0.2371306512343631,-1.1929097995867741,-1.2160598739636888,-1.165767883042201,-1.369320235693854,-1.2648178757393609,-1.4197920829237678,2
14550,14558,F5,royalblue,0.3701049950418224,0.035451953082461,-0.056029922894598606,-0.3362186098049326,-0.7225405403062425,-0.5511718765429613,-1.4548798278910564,-1.2138175276727008,-1.412143234343905,0.6309100477453841,0.8696908537783096,0.4702567067019978,0.13055177919004615,0.11606280751405852,0.2951652267371647,0.6584336791293112,1.164283590628103,1.0058898999077328,3
14756,14764,MYD88,ivory,0.013069555952795795,-0.08801961070564639,-0.0027195075875294425,-1.1157024293423234,-1.1165405713997771,-1.1057195618465103,1.2225494060070652,1.7189371080224538,1.5806954434572544,-0.9035869308395552,-0.7209396971439809,-0.5668878309562895,0.4048070607588235,0.4281001615059836,0.1033906869785604,0.09275210192781076,0.08390605827312685,-0.028091443062240408,3
14774,14782,SCN1A,ivory,-0.9149927861716328,-0.8089162523286534,-0.9477498741887916,-1.0538446725034036,-1.1516881084344173,-1.3793045847376302,1.1522571442581206,1.141257992436268,1.1778671881000329,-0.3736433188685879,-0.4022989284693937,-0.4249522775472413,0.2375772854882321,-0.1331007862289701,-0.09401981925543144,1.3582850781237514,1.2207878095840852,1.3964789107436557,3
14968,14976,F2,tan,-1.35893044796562,-1.5599719515126031,-0.2681866657676947,0.3554356367832044,0.19228246163506665,0.2567686077341839,0.3171085838299859,0.6116494545965191,-0.00445061663755449,1.1234325197711117,0.9180218099756681,0.7869513695321619,-0.09089800775852458,0.2931146187894798,1.0685287950822195,-0.7786743645179377,-0.5108147491543359,-1.3513670544153282,3
15230,15239,BDNF,steelblue,0.8146897771495962,0.7786017944074642,0.8036938289145122,-1.9273551717254032,-1.9559789297755938,-1.7633313630134808,0.8045953494918661,1.0335159413694512,0.9066593854242804,0.5864347205445617,0.3832342856663752,0.5582213881748106,-0.4154244441380148,-0.527401553003116,-0.4584531022920995,0.09764728046705252,0.08613674284851358,0.1945140694892198,2
15285,15294,KCNK5,steelblue,0.9885663318198209,0.8684161519579326,1.018576052165343,-0.2414213000911899,-0.11396111913579784,-0.11232927976375724,1.4224633146467802,1.405185275935677,1.3408737102800814,-0.057316022587738415,0.031387722371568706,0.011320961970865346,-0.7262768651689768,-0.5794062917579232,-0.5086775474666992,-1.5374241531017965,-1.5379503516252468,-1.6720265904489306,2
15564,15575,INSR,orange,0.9825920864606617,0.8231499889845896,0.9113277591980647,-0.9399223035338689,-1.1414536371575768,-1.0760829215379106,-1.6400138831847009,-1.6474179691270123,-1.4974603530811124,0.16810034752397962,0.09092481460691022,0.15006078264688835,0.9309038842047008,0.8982179255836709,0.7818142229279327,0.8307420015045063,0.7223937459940603,0.6521235079861962,5
15760,15772,IL1A,white,1.1191170360319178,0.6770027745516219,0.775760877004312,0.7859996776383933,0.7600044268391528,0.5491542777653596,-1.010418166291903,-0.9759329443897214,-0.7123220330580295,1.1161615651481598,1.3031318057788095,1.2222697795523108,-0.6278830225003224,-0.8159212747526742,-1.173514298120324,-0.6210859583094296,-1.176376965652336,-1.1951475572353016,4
15910,15922,ADH1B,purple,-0.7991274647747914,-1.7227758331375993,-1.1333767990364203,1.0626898353936236,-0.8792034264931964,-0.24489841384598865,-0.484607272487087,1.2277113989726491,-0.1410871130884298,-0.27122042710662403,-0.5727634884909837,-0.08021162389807307,0.5516728414274584,0.8884851552671281,0.8187968976624009,0.6658660436639393,0.413669998741561,0.7003796912304224,3
16205,16217,STX1A,purple,-1.330122402743947,-1.7066251617703552,-1.3167936095622983,-0.8705412629792105,-1.2101586710566636,-1.2392293126315403,-0.0995003697892382,-0.21044106435336507,0.008625344256258235,0.7717484611138952,0.5616107507674671,0.8699280131165207,0.9956168290638172,0.8586140254402116,0.7789926002187743,1.056666445294874,0.9454435834992141,1.1361658021155892,3
16415,16428,ARMC12,pink,-1.3389871401750335,-1.1186542268870543,-0.5622241897094531,1.2771802962954135,0.3986292177036504,-0.17534896520550705,-0.3550756977970326,-0.04835988955390421,0.19985628972537053,1.0318435010569504,0.08260991925858897,0.9459289610391254,0.8788255582938445,0.7155293912451537,0.9127692950045944,-1.283916880796526,-0.8424970824491265,-0.7181083570490339,3
16525,16539,GNAS,pink,-1.765952600785279,-1.8325431786227933,-1.6861072428917414,0.25264694130009185,-0.6450978770420915,-0.661828842520185,0.15019535977247458,0.22918174137020414,0.2605980485325795,0.9633345205149688,0.2723817661572551,0.9487025550829404,0.5796067598928866,0.6448314134310342,0.5185953484219527,0.3915417556368254,0.5446889040247996,0.8352246277239871,3
16748,16762,TRPV1,pink,-1.7956818838235848,-1.9641793255475843,-1.9404887525719177,0.13609283221942056,-0.20129829057653734,-0.3600146661506596,-0.001987567747042713,-0.010448525402274277,0.03686526784619832,0.4311329063749121,-0.02184012570316062,0.19348598251951368,1.1336625075310367,1.2515060206622033,1.0019465125587266,0.6989965510686739,0.5505133557675278,0.8617372009745216,3
16848,16862,FAAH,darkorange2,0.7668145696664644,0.6731396194432442,0.8225763549819709,-0.5860190600423998,-0.6347659722417591,-0.4980797507803069,-1.2445008208384905,-0.8541392841650001,-0.9960202425352909,-1.217789323556317,-1.2805685389996109,-1.060974592530919,0.8908462165263334,0.9753643417716256,0.721383440254583,1.1311484790734838,1.2044490119715419,1.1871355520008482,5
16967,16981,CALCRL,grey60,-0.31800522737457865,-0.04285549278319615,-0.040276775854315605,-0.1698204787973734,0.32072814883565265,0.09896088064708372,0.3699628370512261,0.3997852033685371,0.12023170630397575,1.6442300801157164,2.107342657380328,1.6227003603075405,-0.8772863269467424,-0.9449953534923822,-0.5743588038912371,-1.2900306911470096,-1.0988119051081398,-1.3275008186150905,4
17005,17019,DBH,grey60,-0.8701009541898435,-0.2746231955072327,-0.5530467794887549,0.17222954171811922,0.2855396902393212,-0.15616631157717695,0.8806273043459756,0.6575935145866548,0.7803775812805108,1.5166253336202011,1.2535435778051356,1.5237724348434107,-1.0068092801537134,-1.1317584890625465,-1.6531871064654131,-0.4922846925627346,-0.5533492700926791,-0.3789828993392443,4
17020,17034,EDN1,grey60,-0.8156785591617837,-0.7905876289631326,-0.9130304366319656,0.14779350713570494,-0.4053032300630006,0.059715322433122935,-0.4945480604556332,-0.6679439525704703,-0.5691589894695643,1.849522619822765,2.019441095659219,1.8117599366480368,0.10017392916498023,-0.019838851781760557,0.11022149665633314,-0.5958859021566854,-0.5265291766793853,-0.3001231195867867,4
17106,17120,NRP1,grey60,-1.1930586376866532,-1.2286120929898072,-1.1769314128928166,-1.3994598197082535,-1.5466886555102302,-1.35734796025188,0.1188962241209958,0.16304063964734886,0.1667384513460822,1.281295533264651,1.3015092557923484,1.275757216753812,0.6922100725847176,0.6771797006590363,0.7130517235611112,0.5010209312390835,0.5057930365428166,0.5056057935276435,4
17116,17130,PLCE1,grey60,-1.682400249685873,-1.4662177498164184,-1.4569460135786167,0.18637767855874268,0.3764624627419349,0.15701803708467493,0.4903567146202832,0.5943642379326615,0.5457347863285195,1.4819955570497696,1.5885324903533766,1.6223793251059515,-0.21087089214591467,-0.045626011301920975,-0.011821932424541612,-0.6550590984318646,-0.6018377927504697,-0.9124415496403028,4
17132,17146,SCN10A,grey60,-0.8495983656796579,-0.8495983656796579,-0.5938986997586428,-0.7519463835619308,-0.8495983656796579,-0.8495983656796579,-0.8495983656796579,-0.8495983656796579,-0.8495983656796579,1.9501511130160007,1.8447508470570104,1.9015079123801304,0.4622161624813333,0.4213864795865834,0.4873547680365007,0.2577204898804763,-0.008265150695997222,-0.023788978663858876,4
17142,17156,SLC17A8,grey60,-0.645838484397511,0.05134654139893136,0.19736165577235254,-1.087543936091792,-1.5061234924022993,-0.912856169456664,0.06238177014818106,0.1160787598741882,-0.3110362742092789,1.5758737240661007,1.6979855129427912,1.5253863402198151,0.12794631955633531,0.20835497697649805,0.012869500286194824,0.12821360187557138,-0.6937957310638033,-0.5466046154956105,4
17156,17170,SVEP1,grey60,-0.8393717078813312,-0.8458224892543181,-0.8119857528121895,-0.6524464926186111,-0.3881926794101005,-0.3790305954313252,-1.0435292242409608,-0.8799329979082527,-0.8522396656174385,1.9677570205498656,2.0339271253054116,1.9780430867436716,0.20380704301766028,0.20388974149551128,0.2620737519643845,0.0958165998036717,0.08957250807493987,-0.1423352717805885,4
17164,17178,TLR4,grey60,0.17285041485664152,0.295665537821633,0.499415523619653,-0.18558953800645486,0.4392812344279137,0.4127414182693663,-0.9760505407855896,-0.33781626791061997,-1.7565903721135143,1.285181059036043,1.3596176441194754,0.8780109892316109,-0.05528215005443123,0.2756356507817559,0.3977645769227827,-1.1761758746748872,-1.0451070410405865,-0.4835522645007964,4
17199,17213,ADAMTS5,violet,-1.0534508235238604,-1.0446936243534302,-1.055346362642479,-1.7005033902777438,-1.5813981591122968,-1.698248542363226,0.3590932126757375,0.2792537221504469,0.3196804367582574,0.6566047807112301,0.7631397603964301,0.6541372678623062,0.8226508212687759,0.8755315815372859,0.969518421705437,0.8205126653338987,0.8316693007345077,0.7818489311387181,3
17291,17305,NR3C1,violet,0.1826186815821336,0.14505561126228325,0.15577753101110325,-2.0936262408706834,-1.8080922652601703,-2.004096003985944,-0.3946340579831089,-0.4919338676504825,-0.5349545758580395,0.7009364864209847,0.7803487659764806,0.7508824792537269,0.7493951076199474,0.7222736564936114,0.8348179412640859,0.7609550534689485,0.7712846465566395,0.7729910506984871,3
17584,17598,CAMK4,floralwhite,0.12907660643471933,0.07566391509018161,0.19124686640228344,-2.104504936359953,-1.7808454019738675,-1.7234281233799542,-0.3844497276235199,-0.5716130219430468,-0.4210932708634337,1.1961360373172625,1.3600923450336997,1.0771637880223324,0.4807604226817613,0.17091804670236854,0.10279037243388324,0.7967954415332786,0.7782998787517116,0.6269907617402946,3
17592,17606,CRHBP,floralwhite,-0.7469436359333522,-1.011727721722247,-0.7836573022180396,-0.6964907662917525,-1.011727721722247,-0.768027100189043,-0.6001254485939526,-0.8606659853581294,-0.7967562996648119,1.7007450687183685,1.6911338661376858,1.6727739587213701,0.3468981265038557,0.6710264879868714,0.5573935303369304,0.3439968910538773,0.1915379150579944,0.10061613717662324,3
17621,17635,OPRD1,floralwhite,-0.13548499997666585,-0.19381857650908849,-0.11907350721069533,-1.0980189274173824,-0.8467256432603035,-0.9599803947550528,0.4098499063509131,0.3976395600797275,0.5284681344483717,1.196275600789484,1.303326770396941,1.3403310335630099,-0.3591190734568437,-0.1268491158861569,-0.19843093750144045,-0.4584321798246688,-0.2661327956223629,-0.4138248542077896,3
17625,17639,PHACTR1,floralwhite,-0.9413735911151742,-1.0694754309764518,-1.1976522527803322,-1.2911722349229573,-1.3295836565014325,-1.515097747910544,-0.2017020688674016,-0.19870228191682335,-0.1269768147755628,1.3097965928915147,1.4915512292271098,1.4729812834779736,0.6629140916704476,0.6202612445960013,0.6514748391435686,0.5600606291966712,0.4781264980673048,0.6245696714960931,3
17760,17774,POLE,darkmagenta,0.7758104533406046,0.6787472264420501,0.7329215324711473,0.7782404978878171,0.6838957265873199,0.6987008456824743,0.6754921116193447,0.7643719119866001,0.6593441786965907,0.5842785309841084,0.13772922128641965,0.55842232072972,-0.7203880875981353,-0.8518820413589476,-0.8430101391517942,-1.717213174713667,-1.8791454566044496,-1.7163156582872166,2
17898,17912,LRP1,darkolivegreen,1.341014954836684,1.2015657443185142,1.3417415351364133,-0.5770936740986204,-0.3732513822037718,-0.4668761997979546,-1.486958022466888,-1.793934885289494,-1.5702089143216331,0.17519276793353047,0.03470349456540334,0.25359575346559066,0.22381099272473648,0.2537789177718248,0.5277163339535581,0.3634515855191745,0.6120032828574417,-0.06025228490456869,5
17920,17934,NTSR1,darkolivegreen,1.7121889529139735,1.6579362373215292,1.57641965951717,-0.1728584437107565,0.09798390778522482,-0.2630998202671008,-0.06257105645416876,-0.047899644886521486,-0.2772432186634741,-0.6405235726055759,-1.207503902177398,-0.3625988948063443,-1.207503902177398,-0.9365664666562245,-1.207503902177398,0.3307039812446737,0.11093880867347304,0.8997012771263151,5
18062,18079,MAPK1,skyblue,-0.5719597434989835,-0.5161376668078934,-0.3683331457872485,-1.3456997847778036,-0.7506237240759924,-0.7451876145762278,-0.4767166534241689,-0.7232992386399459,-0.9163214643220596,0.9200158332963808,1.5763450764002749,0.7533124376045213,-0.25862550126411044,-0.13356599945867476,0.22505630762808235,1.3055023392761762,1.2305750721697328,0.7956634702579651,3
18117,18134,SOD2,skyblue,0.2386096610713332,0.2860684967611333,0.4348534114531904,0.011236445071429105,0.4348952181911139,0.34913323271188595,-0.3666238155976343,-0.6516579203663523,-0.8893471616732942,-0.6208333850994686,0.15443856590157834,-0.8924127898420147,-0.6779997443642937,-0.8588844079615144,-1.157669455352634,1.608166823208748,1.2737454925422946,1.3242813333444814,3
18917,18935,TPH1,darkorange,-2.141682822077656,-1.6690107052158236,-1.679158450241962,-0.3413853770654572,-0.31194769805707223,-0.4140779998224858,-0.05692443959881535,0.5062006348573895,0.6477658509144474,0.9407832871931489,0.4917603113817658,0.7985410712084029,0.8218115081421992,0.6757627736884192,1.0638902963209007,0.2269181517966185,0.016967637668931113,0.4237859689070421,3
19068,19087,ADAMTS4,plum1,1.4984594706888223,1.4554421832686664,1.2342057822883843,-0.6417119359662607,-0.6798602870160789,-0.8039758297004984,-1.2655379532206918,-1.1141300407473378,-0.8355521688063573,-0.7329521160168654,-0.652671011222335,-0.7521904473579043,0.6238368251249681,0.6569163363014483,0.6818004647451413,0.32795865200272484,0.5647651662566086,0.43519690937757455,5
19132,19151,MMP9,plum1,1.6010016499932187,1.6542701279704943,1.5325730077165425,-0.34298336136060104,-0.2970176300140053,-0.5299941921803767,-1.144128012496067,-0.9425676442655516,-1.3484825748489466,-0.5511619713027198,-0.8301834055309003,-0.6087302424838583,0.4288268699474201,0.6355230370928026,0.6088165029971745,0.10062969974284304,0.2739817827984485,-0.24037364377591816,5
19175,19194,TSPO,plum1,1.0897147084473706,1.0238682726075592,1.2215552551040323,-0.3853505529670622,-0.7952579388176421,-0.8456167212730449,-1.5890169031902095,-0.9783949261721224,-1.7098082782460888,-0.6333773519181286,-0.6232674248001375,-0.3651402793632975,0.4867238826459239,0.8581243626209409,0.8264246535590019,0.8030353414214045,0.6644517592017658,0.951332141139739,5
19178,19197,VEGFA,plum1,1.114812666245199,1.3237605592750097,1.2129062908395432,0.3360879579438044,0.017891479791461506,0.1970201155391186,-0.7164104435537615,-1.251388949834788,-0.38943704829742815,-0.9210472430560058,-1.716946082465972,-1.1385715106328147,0.23428999045813334,0.8114295379760392,0.43587251562712104,0.053721110108052084,0.11268111517561118,0.28332793886172697,5
19369,19388,CACNA2D2,saddlebrown,0.7157127495751339,0.5034609293571545,0.6972720013587775,-0.5935141968381717,-0.7836804222704074,-0.6674179037522477,-1.7732518778636426,-2.0227424754759777,-1.7504537859912777,0.42676892105586206,0.022726278154280462,0.3587359940518213,1.02451670357506,0.8843073957883244,0.8184379776216776,0.6670078835078539,0.8316835488714432,0.6404302792743278,5
19370,19389,CACNB2,saddlebrown,0.5463897529163051,0.5331099272074766,0.7849985749580027,-0.9507267668163196,-1.4335850462302986,-1.0756104552127554,-0.5049038966271914,-0.3988764315898453,-0.2734550937535565,-0.8631513937824509,-1.084398794436343,-1.04121019527918,0.6777506258626786,0.24698028041766376,0.13831686161111587,1.6811148676452152,1.301696538211939,1.7155606448975411,5
19814,19833,CASP9,darkslateblue,0.313312093822436,0.2861877483467813,-0.16282953745735282,0.9985483692971404,0.7077777049510304,0.4526448119284046,-1.1108666980688409,-0.8553719910734298,-0.5065409059571649,-0.184736006066126,-0.7776630869517906,-0.0018051045825953809,1.0431030009111235,0.7495909158497099,1.029488065448755,-0.4317620283868618,-0.6520084265371561,-0.8970689254740921,2
19961,19980,KCNQ3,brown4,1.2494610441911909,1.2003405321443597,1.2132508243739308,-1.64354155145523,-1.5909235103602333,-1.4683039571537426,0.5577564724531489,0.4140725669737761,0.38874652609252536,0.4312003720911113,0.6420086632457715,0.2964845351872443,-0.4826951474398885,-0.6977722638656713,-0.5101942895836677,0.15420341483077424,-0.038194754944118864,-0.11589947678127882,4
20002,20021,WTAPP1,brown4,0.2389348925005952,-0.034644423250650626,0.6547995258715623,-0.10102287641846004,0.3096106984842065,-0.003858466795579885,-0.4433976014649595,-1.1806747299805709,-0.5067458907177905,1.532116730643071,2.1073625054459626,1.3064206069552857,-1.1806747299805709,0.1253047297167404,-0.4871951030943929,-1.1806747299805709,-0.8962262521540157,-0.2594348857798621,4
